"id","stage","interview","time","condition","MC","interviewer","stage_sq","start_slope","end_slope","detail","trans_det"
1,0,0,0,"direct","MC2","K",0,0,0,0.974534904195271,1
1,1,0,1,"direct","MC2","K",1,0,1,2.02307895069608,3
1,2,0,2,"direct","MC2","K",4,0,2,3.2527462664694,4
1,3,0,3,"direct","MC2","K",9,0,3,3.19270794687315,4
1,4,0,4,"direct","MC2","K",16,0,4,1.82532669673466,2
1,0,1,5,"direct","MC2","K",0,0,0,2.38007797792151,3
1,1,1,6,"direct","MC2","K",1,1,0,3.88335828931769,4
1,2,1,7,"direct","MC2","K",4,1,1,2.19044763698659,3
1,3,1,8,"direct","MC2","K",9,1,2,2.49347865840379,3
1,4,1,9,"direct","MC2","K",16,1,3,4.28227617883217,5
1,0,2,10,"direct","MC2","K",0,0,0,2.81556568418774,3
1,1,2,11,"direct","MC2","K",1,1,0,4.06427195368409,4
1,2,2,12,"direct","MC2","K",4,2,0,2.52261915665434,3
1,3,2,13,"direct","MC2","K",9,2,1,2.48451424934635,3
1,4,2,14,"direct","MC2","K",16,2,2,3.39532514715669,4
2,0,0,0,"direct","MC2","S",0,0,0,4.61653002399228,5
2,1,0,1,"direct","MC2","S",1,0,1,3.76421858010104,4
2,2,0,2,"direct","MC2","S",4,0,2,6.20028448302141,5
2,3,0,3,"direct","MC2","S",9,0,3,0.792587589119044,1
2,4,0,4,"direct","MC2","S",16,0,4,2.52471071800961,3
2,0,1,5,"direct","MC2","S",0,0,0,3.92871385206975,4
2,1,1,6,"direct","MC2","S",1,1,0,4.26615104611187,5
2,2,1,7,"direct","MC2","S",4,1,1,2.35673136536602,3
2,3,1,8,"direct","MC2","S",9,1,2,2.80563910290805,3
2,4,1,9,"direct","MC2","S",16,1,3,1.60786928400771,2
2,0,2,10,"direct","MC2","S",0,0,0,4.86496008396764,5
2,1,2,11,"direct","MC2","S",1,1,0,5.21072009097591,5
2,2,2,12,"direct","MC2","S",4,2,0,6.10792791214753,5
2,3,2,13,"direct","MC2","S",9,2,1,1.62401052906522,2
2,4,2,14,"direct","MC2","S",16,2,2,2.69315222277049,3
3,0,0,0,"direct","MC3","M",0,0,0,1.72246911001387,2
3,1,0,1,"direct","MC3","M",1,0,1,-0.592164260271929,0
3,2,0,2,"direct","MC3","M",4,0,2,-0.199615462708939,0
3,3,0,3,"direct","MC3","M",9,0,3,0.336013161161966,1
3,4,0,4,"direct","MC3","M",16,0,4,-0.0329786960399073,0
3,0,1,5,"direct","MC3","M",0,0,0,1.52546958020929,2
3,1,1,6,"direct","MC3","M",1,1,0,1.67649844541273,2
3,2,1,7,"direct","MC3","M",4,1,1,-0.527343525877943,0
3,3,1,8,"direct","MC3","M",9,1,2,-3.33403920857127,0
3,4,1,9,"direct","MC3","M",16,1,3,0.0114084038301597,0
3,0,2,10,"direct","MC3","M",0,0,0,3.40221547500879,4
3,1,2,11,"direct","MC3","M",1,1,0,0.888228763248882,1
3,2,2,12,"direct","MC3","M",4,2,0,1.30083955350641,2
3,3,2,13,"direct","MC3","M",9,2,1,0.767837837086631,1
3,4,2,14,"direct","MC3","M",16,2,2,-0.786172390568687,0
4,0,0,0,"direct","MC3","S",0,0,0,3.90110118116238,4
4,1,0,1,"direct","MC3","S",1,0,1,4.14170330705349,5
4,2,0,2,"direct","MC3","S",4,0,2,1.67241649556216,2
4,3,0,3,"direct","MC3","S",9,0,3,1.13660904841339,2
4,4,0,4,"direct","MC3","S",16,0,4,1.02010736527832,1
4,0,1,5,"direct","MC3","S",0,0,0,4.05777114319849,4
4,1,1,6,"direct","MC3","S",1,1,0,2.28515684608742,3
4,2,1,7,"direct","MC3","S",4,1,1,1.62468770173426,2
4,3,1,8,"direct","MC3","S",9,1,2,3.11560130341339,4
4,4,1,9,"direct","MC3","S",16,1,3,2.09223312284328,3
4,0,2,10,"direct","MC3","S",0,0,0,2.57942808317074,3
4,1,2,11,"direct","MC3","S",1,1,0,5.55378728264696,5
4,2,2,12,"direct","MC3","S",4,2,0,4.57588707012067,5
4,3,2,13,"direct","MC3","S",9,2,1,2.12980409524938,3
4,4,2,14,"direct","MC3","S",16,2,2,1.23152412290471,2
5,0,0,0,"direct","MC2","H",0,0,0,2.12890107526077,3
5,1,0,1,"direct","MC2","H",1,0,1,1.47562452409811,2
5,2,0,2,"direct","MC2","H",4,0,2,1.52501028553089,2
5,3,0,3,"direct","MC2","H",9,0,3,-0.137818072547624,0
5,4,0,4,"direct","MC2","H",16,0,4,0.0372445948097848,1
5,0,1,5,"direct","MC2","H",0,0,0,1.00683494706249,1
5,1,1,6,"direct","MC2","H",1,1,0,3.65574461484625,4
5,2,1,7,"direct","MC2","H",4,1,1,1.46246613649554,2
5,3,1,8,"direct","MC2","H",9,1,2,1.3819636888782,2
5,4,1,9,"direct","MC2","H",16,1,3,0.223500228608621,1
5,0,2,10,"direct","MC2","H",0,0,0,2.42029654251984,3
5,1,2,11,"direct","MC2","H",1,1,0,1.47272421507084,2
5,2,2,12,"direct","MC2","H",4,2,0,3.89850509493289,4
5,3,2,13,"direct","MC2","H",9,2,1,3.13334144275448,4
5,4,2,14,"direct","MC2","H",16,2,2,3.67625627314661,4
6,0,0,0,"direct","MC1","F",0,0,0,1.61004787287838,2
6,1,0,1,"direct","MC1","F",1,0,1,0.117443288065781,1
6,2,0,2,"direct","MC1","F",4,0,2,0.805202942930298,1
6,3,0,3,"direct","MC1","F",9,0,3,-0.690964949091662,0
6,4,0,4,"direct","MC1","F",16,0,4,1.32128314353364,2
6,0,1,5,"direct","MC1","F",0,0,0,1.60415333822407,2
6,1,1,6,"direct","MC1","F",1,1,0,0.559118200464383,1
6,2,1,7,"direct","MC1","F",4,1,1,0.311678995842563,1
6,3,1,8,"direct","MC1","F",9,1,2,-1.91633647616668,0
6,4,1,9,"direct","MC1","F",16,1,3,-1.89450477855612,0
6,0,2,10,"direct","MC1","F",0,0,0,1.26137246363742,2
6,1,2,11,"direct","MC1","F",1,1,0,2.52542910085139,3
6,2,2,12,"direct","MC1","F",4,2,0,0.374779909092775,1
6,3,2,13,"direct","MC1","F",9,2,1,0.481173306318487,1
6,4,2,14,"direct","MC1","F",16,2,2,1.0943260005302,2
7,0,0,0,"direct","MC1","H",0,0,0,0.707346022442756,1
7,1,0,1,"direct","MC1","H",1,0,1,1.93661301763105,3
7,2,0,2,"direct","MC1","H",4,0,2,0.88221636985017,1
7,3,0,3,"direct","MC1","H",9,0,3,0.28484811417876,1
7,4,0,4,"direct","MC1","H",16,0,4,0.51037325008932,1
7,0,1,5,"direct","MC1","H",0,0,0,3.29556826769857,4
7,1,1,6,"direct","MC1","H",1,1,0,1.06920600978478,1
7,2,1,7,"direct","MC1","H",4,1,1,0.805267154353024,1
7,3,1,8,"direct","MC1","H",9,1,2,-0.451675645039705,0
7,4,1,9,"direct","MC1","H",16,1,3,-0.283595586939376,0
7,0,2,10,"direct","MC1","H",0,0,0,0.277581059731897,1
7,1,2,11,"direct","MC1","H",1,1,0,2.01945954055324,3
7,2,2,12,"direct","MC1","H",4,2,0,2.63210565208679,3
7,3,2,13,"direct","MC1","H",9,2,1,1.9845429925187,3
7,4,2,14,"direct","MC1","H",16,2,2,0.475855037767383,1
8,0,0,0,"direct","MC1","M",0,0,0,3.71238410384307,4
8,1,0,1,"direct","MC1","M",1,0,1,1.88516295145479,2
8,2,0,2,"direct","MC1","M",4,0,2,2.81022179646367,3
8,3,0,3,"direct","MC1","M",9,0,3,2.46163101994983,3
8,4,0,4,"direct","MC1","M",16,0,4,3.20222739215084,4
8,0,1,5,"direct","MC1","M",0,0,0,3.90505565533586,4
8,1,1,6,"direct","MC1","M",1,1,0,2.31829894188281,3
8,2,1,7,"direct","MC1","M",4,1,1,2.38199575097547,3
8,3,1,8,"direct","MC1","M",9,1,2,1.33638504302819,2
8,4,1,9,"direct","MC1","M",16,1,3,1.65153470470634,2
8,0,2,10,"direct","MC1","M",0,0,0,3.98016087337606,4
8,1,2,11,"direct","MC1","M",1,1,0,3.40676731115288,4
8,2,2,12,"direct","MC1","M",4,2,0,3.38557348807001,4
8,3,2,13,"direct","MC1","M",9,2,1,4.19142880298498,5
8,4,2,14,"direct","MC1","M",16,2,2,0.564130300451737,1
9,0,0,0,"direct","MC2","M",0,0,0,1.56540417939268,2
9,1,0,1,"direct","MC2","M",1,0,1,0.816767498214674,1
9,2,0,2,"direct","MC2","M",4,0,2,1.2749245018697,2
9,3,0,3,"direct","MC2","M",9,0,3,1.85900256066356,2
9,4,0,4,"direct","MC2","M",16,0,4,0.644681229138335,1
9,0,1,5,"direct","MC2","M",0,0,0,3.00413573831273,4
9,1,1,6,"direct","MC2","M",1,1,0,3.4302074740469,4
9,2,1,7,"direct","MC2","M",4,1,1,1.83843535557302,2
9,3,1,8,"direct","MC2","M",9,1,2,3.45947018241771,4
9,4,1,9,"direct","MC2","M",16,1,3,0.750502587986346,1
9,0,2,10,"direct","MC2","M",0,0,0,1.03138496716177,1
9,1,2,11,"direct","MC2","M",1,1,0,3.22621271532503,4
9,2,2,12,"direct","MC2","M",4,2,0,2.19624036538516,3
9,3,2,13,"direct","MC2","M",9,2,1,4.35049103392216,5
9,4,2,14,"direct","MC2","M",16,2,2,2.20140017722473,3
10,0,0,0,"direct","MC3","K",0,0,0,0.753250706193151,1
10,1,0,1,"direct","MC3","K",1,0,1,0.615601026318861,1
10,2,0,2,"direct","MC3","K",4,0,2,0.376837256949471,1
10,3,0,3,"direct","MC3","K",9,0,3,-1.1703298334227,0
10,4,0,4,"direct","MC3","K",16,0,4,-1.21364303860066,0
10,0,1,5,"direct","MC3","K",0,0,0,2.89522535380211,4
10,1,1,6,"direct","MC3","K",1,1,0,-0.27389811266797,0
10,2,1,7,"direct","MC3","K",4,1,1,-0.552799870326688,0
10,3,1,8,"direct","MC3","K",9,1,2,-2.62361778002586,0
10,4,1,9,"direct","MC3","K",16,1,3,-1.1152851431667,0
10,0,2,10,"direct","MC3","K",0,0,0,1.49028343137142,2
10,1,2,11,"direct","MC3","K",1,1,0,-0.235809011279047,0
10,2,2,12,"direct","MC3","K",4,2,0,0.636131953471909,1
10,3,2,13,"direct","MC3","K",9,2,1,-0.72738688774225,0
10,4,2,14,"direct","MC3","K",16,2,2,-1.58013834398942,0
11,0,0,0,"direct","MC1","H",0,0,0,0.720776182691974,1
11,1,0,1,"direct","MC1","H",1,0,1,-0.596011607178378,0
11,2,0,2,"direct","MC1","H",4,0,2,0.718031305377582,1
11,3,0,3,"direct","MC1","H",9,0,3,-0.805519349597126,0
11,4,0,4,"direct","MC1","H",16,0,4,-1.93339111863238,0
11,0,1,5,"direct","MC1","H",0,0,0,0.438152730481889,1
11,1,1,6,"direct","MC1","H",1,1,0,3.92143101042197,4
11,2,1,7,"direct","MC1","H",4,1,1,-2.05631250258838,0
11,3,1,8,"direct","MC1","H",9,1,2,-0.80765989023108,0
11,4,1,9,"direct","MC1","H",16,1,3,-1.13581735885984,0
11,0,2,10,"direct","MC1","H",0,0,0,1.6522634184116,2
11,1,2,11,"direct","MC1","H",1,1,0,-0.316191224972436,0
11,2,2,12,"direct","MC1","H",4,2,0,1.85319365313009,2
11,3,2,13,"direct","MC1","H",9,2,1,0.871005022096275,1
11,4,2,14,"direct","MC1","H",16,2,2,-1.84590329363345,0
12,0,0,0,"direct","MC1","S",0,0,0,1.11191382454959,2
12,1,0,1,"direct","MC1","S",1,0,1,0.261285554048457,1
12,2,0,2,"direct","MC1","S",4,0,2,1.70189463625253,2
12,3,0,3,"direct","MC1","S",9,0,3,-0.544432863851551,0
12,4,0,4,"direct","MC1","S",16,0,4,-1.64135986395348,0
12,0,1,5,"direct","MC1","S",0,0,0,1.68414315182045,2
12,1,1,6,"direct","MC1","S",1,1,0,1.62830793720168,2
12,2,1,7,"direct","MC1","S",4,1,1,0.794184471991725,1
12,3,1,8,"direct","MC1","S",9,1,2,-0.50576617753898,0
12,4,1,9,"direct","MC1","S",16,1,3,-2.28565475989568,0
12,0,2,10,"direct","MC1","S",0,0,0,1.65447193988852,2
12,1,2,11,"direct","MC1","S",1,1,0,0.652541473692821,1
12,2,2,12,"direct","MC1","S",4,2,0,2.97715126616392,4
12,3,2,13,"direct","MC1","S",9,2,1,0.77052335958853,1
12,4,2,14,"direct","MC1","S",16,2,2,-1.01327462524268,0
13,0,0,0,"direct","MC3","S",0,0,0,2.26672979389919,3
13,1,0,1,"direct","MC3","S",1,0,1,1.66962859109189,2
13,2,0,2,"direct","MC3","S",4,0,2,1.65441373433596,2
13,3,0,3,"direct","MC3","S",9,0,3,0.103284967350284,1
13,4,0,4,"direct","MC3","S",16,0,4,1.9169929688466,3
13,0,1,5,"direct","MC3","S",0,0,0,1.86241193853083,2
13,1,1,6,"direct","MC3","S",1,1,0,0.989218467541415,1
13,2,1,7,"direct","MC3","S",4,1,1,0.400203200247899,1
13,3,1,8,"direct","MC3","S",9,1,2,1.95755871854934,3
13,4,1,9,"direct","MC3","S",16,1,3,0.02924967802998,1
13,0,2,10,"direct","MC3","S",0,0,0,2.52955274962186,3
13,1,2,11,"direct","MC3","S",1,1,0,2.27370980852919,3
13,2,2,12,"direct","MC3","S",4,2,0,3.02696984544415,4
13,3,2,13,"direct","MC3","S",9,2,1,0.625314588292453,1
13,4,2,14,"direct","MC3","S",16,2,2,2.59857745010805,3
14,0,0,0,"direct","MC3","S",0,0,0,0.526785277260809,1
14,1,0,1,"direct","MC3","S",1,0,1,2.97977009472694,4
14,2,0,2,"direct","MC3","S",4,0,2,1.39686036421786,2
14,3,0,3,"direct","MC3","S",9,0,3,3.10342568264344,4
14,4,0,4,"direct","MC3","S",16,0,4,-0.334919214403599,0
14,0,1,5,"direct","MC3","S",0,0,0,0.53930707290986,1
14,1,1,6,"direct","MC3","S",1,1,0,3.08532617810757,4
14,2,1,7,"direct","MC3","S",4,1,1,2.31300638674112,3
14,3,1,8,"direct","MC3","S",9,1,2,0.735064162502771,1
14,4,1,9,"direct","MC3","S",16,1,3,0.439145605224106,1
14,0,2,10,"direct","MC3","S",0,0,0,1.09477458404174,2
14,1,2,11,"direct","MC3","S",1,1,0,2.38861097689517,3
14,2,2,12,"direct","MC3","S",4,2,0,3.19513945767962,4
14,3,2,13,"direct","MC3","S",9,2,1,1.85493802196465,2
14,4,2,14,"direct","MC3","S",16,2,2,1.13601190455125,2
15,0,0,0,"direct","MC2","K",0,0,0,3.48488637304343,4
15,1,0,1,"direct","MC2","K",1,0,1,1.12483332924552,2
15,2,0,2,"direct","MC2","K",4,0,2,3.96159834534744,4
15,3,0,3,"direct","MC2","K",9,0,3,0.806833317935693,1
15,4,0,4,"direct","MC2","K",16,0,4,4.08050149596308,5
15,0,1,5,"direct","MC2","K",0,0,0,3.18786252019171,4
15,1,1,6,"direct","MC2","K",1,1,0,0.795342456177368,1
15,2,1,7,"direct","MC2","K",4,1,1,1.52906078949491,2
15,3,1,8,"direct","MC2","K",9,1,2,-0.00564709053952495,0
15,4,1,9,"direct","MC2","K",16,1,3,2.97612391788717,4
15,0,2,10,"direct","MC2","K",0,0,0,4.64160519168864,5
15,1,2,11,"direct","MC2","K",1,1,0,2.01429447766588,3
15,2,2,12,"direct","MC2","K",4,2,0,3.72898893646977,4
15,3,2,13,"direct","MC2","K",9,2,1,1.76505845091328,2
15,4,2,14,"direct","MC2","K",16,2,2,2.58752640691679,3
16,0,0,0,"direct","MC3","N",0,0,0,-0.488521121818651,0
16,1,0,1,"direct","MC3","N",1,0,1,-2.25832086785734,0
16,2,0,2,"direct","MC3","N",4,0,2,-1.81940595006647,0
16,3,0,3,"direct","MC3","N",9,0,3,-0.730422407192192,0
16,4,0,4,"direct","MC3","N",16,0,4,-2.50582160561547,0
16,0,1,5,"direct","MC3","N",0,0,0,-0.340669620562861,0
16,1,1,6,"direct","MC3","N",1,1,0,-1.1071695695053,0
16,2,1,7,"direct","MC3","N",4,1,1,-1.96884358472671,0
16,3,1,8,"direct","MC3","N",9,1,2,-1.55321574643387,0
16,4,1,9,"direct","MC3","N",16,1,3,-1.57318279131565,0
16,0,2,10,"direct","MC3","N",0,0,0,2.0820910932868,3
16,1,2,11,"direct","MC3","N",1,1,0,0.551495869894392,1
16,2,2,12,"direct","MC3","N",4,2,0,-0.898637769411812,0
16,3,2,13,"direct","MC3","N",9,2,1,-0.765025621433828,0
16,4,2,14,"direct","MC3","N",16,2,2,-2.2957342535099,0
17,0,0,0,"direct","MC2","S",0,0,0,0.855892949033217,1
17,1,0,1,"direct","MC2","S",1,0,1,-1.87230164914927,0
17,2,0,2,"direct","MC2","S",4,0,2,-1.33889584568916,0
17,3,0,3,"direct","MC2","S",9,0,3,-0.203084084952925,0
17,4,0,4,"direct","MC2","S",16,0,4,-2.81472277517911,0
17,0,1,5,"direct","MC2","S",0,0,0,0.600105936548179,1
17,1,1,6,"direct","MC2","S",1,1,0,2.42436515489893,3
17,2,1,7,"direct","MC2","S",4,1,1,1.16290476513302,2
17,3,1,8,"direct","MC2","S",9,1,2,-0.619971099919849,0
17,4,1,9,"direct","MC2","S",16,1,3,-3.67438504513844,0
17,0,2,10,"direct","MC2","S",0,0,0,1.69583854243713,2
17,1,2,11,"direct","MC2","S",1,1,0,0.420676568295673,1
17,2,2,12,"direct","MC2","S",4,2,0,2.49516147139685,3
17,3,2,13,"direct","MC2","S",9,2,1,-0.104425463345775,0
17,4,2,14,"direct","MC2","S",16,2,2,-0.388347084559362,0
18,0,0,0,"direct","MC1","N",0,0,0,0.471944082068234,1
18,1,0,1,"direct","MC1","N",1,0,1,1.23278037356399,2
18,2,0,2,"direct","MC1","N",4,0,2,-0.155707776990473,0
18,3,0,3,"direct","MC1","N",9,0,3,0.318315643795424,1
18,4,0,4,"direct","MC1","N",16,0,4,0.0713160396738065,1
18,0,1,5,"direct","MC1","N",0,0,0,1.54751162933733,2
18,1,1,6,"direct","MC1","N",1,1,0,-0.676673120322572,0
18,2,1,7,"direct","MC1","N",4,1,1,-0.583059734314799,0
18,3,1,8,"direct","MC1","N",9,1,2,-1.44794187480113,0
18,4,1,9,"direct","MC1","N",16,1,3,-0.322269125880108,0
18,0,2,10,"direct","MC1","N",0,0,0,0.782565441795148,1
18,1,2,11,"direct","MC1","N",1,1,0,-0.961095413590198,0
18,2,2,12,"direct","MC1","N",4,2,0,2.07697785776746,3
18,3,2,13,"direct","MC1","N",9,2,1,1.32613340672259,2
18,4,2,14,"direct","MC1","N",16,2,2,0.744710688747911,1
19,0,0,0,"direct","MC2","M",0,0,0,3.47597233834355,4
19,1,0,1,"direct","MC2","M",1,0,1,3.91321030961144,4
19,2,0,2,"direct","MC2","M",4,0,2,3.16382212257963,4
19,3,0,3,"direct","MC2","M",9,0,3,0.837963211875288,1
19,4,0,4,"direct","MC2","M",16,0,4,-1.04623371543008,0
19,0,1,5,"direct","MC2","M",0,0,0,1.14893805439863,2
19,1,1,6,"direct","MC2","M",1,1,0,1.14478685202911,2
19,2,1,7,"direct","MC2","M",4,1,1,1.91546016461625,3
19,3,1,8,"direct","MC2","M",9,1,2,-0.860935060494273,0
19,4,1,9,"direct","MC2","M",16,1,3,0.888535402364847,1
19,0,2,10,"direct","MC2","M",0,0,0,3.68778027768648,4
19,1,2,11,"direct","MC2","M",1,1,0,2.00188552904052,3
19,2,2,12,"direct","MC2","M",4,2,0,3.42343992511603,4
19,3,2,13,"direct","MC2","M",9,2,1,1.24311178232346,2
19,4,2,14,"direct","MC2","M",16,2,2,2.05029658640929,3
20,0,0,0,"direct","MC2","M",0,0,0,-1.28405327868701,0
20,1,0,1,"direct","MC2","M",1,0,1,1.66186275576868,2
20,2,0,2,"direct","MC2","M",4,0,2,-0.25805951496914,0
20,3,0,3,"direct","MC2","M",9,0,3,1.88138134062882,2
20,4,0,4,"direct","MC2","M",16,0,4,-0.0906391510212275,0
20,0,1,5,"direct","MC2","M",0,0,0,0.275199305603815,1
20,1,1,6,"direct","MC2","M",1,1,0,1.04807434456646,1
20,2,1,7,"direct","MC2","M",4,1,1,1.71956062414517,2
20,3,1,8,"direct","MC2","M",9,1,2,-0.749244084573763,0
20,4,1,9,"direct","MC2","M",16,1,3,0.102340662360696,1
20,0,2,10,"direct","MC2","M",0,0,0,3.35016593969668,4
20,1,2,11,"direct","MC2","M",1,1,0,1.56701093788725,2
20,2,2,12,"direct","MC2","M",4,2,0,1.07889050810921,1
20,3,2,13,"direct","MC2","M",9,2,1,1.87861586765835,2
20,4,2,14,"direct","MC2","M",16,2,2,-0.563352857530734,0
21,0,0,0,"direct","MC3","N",0,0,0,0.552381454480289,1
21,1,0,1,"direct","MC3","N",1,0,1,-0.57389857227343,0
21,2,0,2,"direct","MC3","N",4,0,2,0.630233632703649,1
21,3,0,3,"direct","MC3","N",9,0,3,-2.17406944927519,0
21,4,0,4,"direct","MC3","N",16,0,4,-1.27252175710559,0
21,0,1,5,"direct","MC3","N",0,0,0,3.09000086205203,4
21,1,1,6,"direct","MC3","N",1,1,0,1.20266435908212,2
21,2,1,7,"direct","MC3","N",4,1,1,1.29695227875887,2
21,3,1,8,"direct","MC3","N",9,1,2,1.49318299683983,2
21,4,1,9,"direct","MC3","N",16,1,3,-2.01373817801906,0
21,0,2,10,"direct","MC3","N",0,0,0,1.72124462820945,2
21,1,2,11,"direct","MC3","N",1,1,0,-1.09545031902949,0
21,2,2,12,"direct","MC3","N",4,2,0,2.08104210937422,3
21,3,2,13,"direct","MC3","N",9,2,1,0.112693904170073,1
21,4,2,14,"direct","MC3","N",16,2,2,0.23710356216335,1
22,0,0,0,"direct","MC1","S",0,0,0,0.732457649443341,1
22,1,0,1,"direct","MC1","S",1,0,1,1.44296253168717,2
22,2,0,2,"direct","MC1","S",4,0,2,0.977588940256567,1
22,3,0,3,"direct","MC1","S",9,0,3,-0.711719031475772,0
22,4,0,4,"direct","MC1","S",16,0,4,-0.947794614849048,0
22,0,1,5,"direct","MC1","S",0,0,0,3.76358698751371,4
22,1,1,6,"direct","MC1","S",1,1,0,2.62418421437269,3
22,2,1,7,"direct","MC1","S",4,1,1,1.11783881679773,2
22,3,1,8,"direct","MC1","S",9,1,2,0.0770773397369378,1
22,4,1,9,"direct","MC1","S",16,1,3,1.53165440967343,2
22,0,2,10,"direct","MC1","S",0,0,0,3.16726708420246,4
22,1,2,11,"direct","MC1","S",1,1,0,2.67941046537608,3
22,2,2,12,"direct","MC1","S",4,2,0,0.479030049135005,1
22,3,2,13,"direct","MC1","S",9,2,1,0.93584057987039,1
22,4,2,14,"direct","MC1","S",16,2,2,1.22525164476301,2
23,0,0,0,"direct","MC3","M",0,0,0,0.187683818734236,1
23,1,0,1,"direct","MC3","M",1,0,1,1.13804280190449,2
23,2,0,2,"direct","MC3","M",4,0,2,1.65443831024781,2
23,3,0,3,"direct","MC3","M",9,0,3,-1.06337702021212,0
23,4,0,4,"direct","MC3","M",16,0,4,-1.48171657506799,0
23,0,1,5,"direct","MC3","M",0,0,0,0.234374025972011,1
23,1,1,6,"direct","MC3","M",1,1,0,0.589145034225553,1
23,2,1,7,"direct","MC3","M",4,1,1,-1.08351726324749,0
23,3,1,8,"direct","MC3","M",9,1,2,-0.638352574853906,0
23,4,1,9,"direct","MC3","M",16,1,3,0.748812166076478,1
23,0,2,10,"direct","MC3","M",0,0,0,2.39557212214393,3
23,1,2,11,"direct","MC3","M",1,1,0,1.1503748236669,2
23,2,2,12,"direct","MC3","M",4,2,0,3.65349820671702,4
23,3,2,13,"direct","MC3","M",9,2,1,1.59804206663699,2
23,4,2,14,"direct","MC3","M",16,2,2,-0.303600859380152,0
24,0,0,0,"direct","MC1","H",0,0,0,2.26743238032649,3
24,1,0,1,"direct","MC1","H",1,0,1,0.803876213410714,1
24,2,0,2,"direct","MC1","H",4,0,2,0.165527931252263,1
24,3,0,3,"direct","MC1","H",9,0,3,2.14164143506132,3
24,4,0,4,"direct","MC1","H",16,0,4,-0.89700094078175,0
24,0,1,5,"direct","MC1","H",0,0,0,-0.106649559599648,0
24,1,1,6,"direct","MC1","H",1,1,0,1.72935416936139,2
24,2,1,7,"direct","MC1","H",4,1,1,1.11385050399775,2
24,3,1,8,"direct","MC1","H",9,1,2,-1.50693451309537,0
24,4,1,9,"direct","MC1","H",16,1,3,-2.58258919407021,0
24,0,2,10,"direct","MC1","H",0,0,0,0.718692176769784,1
24,1,2,11,"direct","MC1","H",1,1,0,0.203338397347565,1
24,2,2,12,"direct","MC1","H",4,2,0,2.89428102992874,4
24,3,2,13,"direct","MC1","H",9,2,1,2.45611215046793,3
24,4,2,14,"direct","MC1","H",16,2,2,1.19010170974462,2
25,0,0,0,"direct","MC2","N",0,0,0,3.6729385736739,4
25,1,0,1,"direct","MC2","N",1,0,1,2.23012781400679,3
25,2,0,2,"direct","MC2","N",4,0,2,0.309567554669122,1
25,3,0,3,"direct","MC2","N",9,0,3,0.0752154783081034,1
25,4,0,4,"direct","MC2","N",16,0,4,0.272595971656633,1
25,0,1,5,"direct","MC2","N",0,0,0,1.59276828437229,2
25,1,1,6,"direct","MC2","N",1,1,0,1.57363385894727,2
25,2,1,7,"direct","MC2","N",4,1,1,3.57230115136495,4
25,3,1,8,"direct","MC2","N",9,1,2,-0.124284208781564,0
25,4,1,9,"direct","MC2","N",16,1,3,-0.712380199274356,0
25,0,2,10,"direct","MC2","N",0,0,0,1.65277597574533,2
25,1,2,11,"direct","MC2","N",1,1,0,-0.711095446564034,0
25,2,2,12,"direct","MC2","N",4,2,0,2.73411421204727,3
25,3,2,13,"direct","MC2","N",9,2,1,1.94230223871568,3
25,4,2,14,"direct","MC2","N",16,2,2,-0.0929414482935247,0
26,0,0,0,"direct","MC3","S",0,0,0,2.03566332938587,3
26,1,0,1,"direct","MC3","S",1,0,1,2.15907342787918,3
26,2,0,2,"direct","MC3","S",4,0,2,-0.770756780817749,0
26,3,0,3,"direct","MC3","S",9,0,3,2.11918559102779,3
26,4,0,4,"direct","MC3","S",16,0,4,3.51864711062724,4
26,0,1,5,"direct","MC3","S",0,0,0,1.69255140955999,2
26,1,1,6,"direct","MC3","S",1,1,0,3.46564793850892,4
26,2,1,7,"direct","MC3","S",4,1,1,2.61430961740153,3
26,3,1,8,"direct","MC3","S",9,1,2,2.29067245066024,3
26,4,1,9,"direct","MC3","S",16,1,3,0.556812422152505,1
26,0,2,10,"direct","MC3","S",0,0,0,5.60420265340856,5
26,1,2,11,"direct","MC3","S",1,1,0,2.13717513668605,3
26,2,2,12,"direct","MC3","S",4,2,0,5.05403997413108,5
26,3,2,13,"direct","MC3","S",9,2,1,3.07513102400684,4
26,4,2,14,"direct","MC3","S",16,2,2,3.67112920394031,4
27,0,0,0,"direct","MC2","F",0,0,0,0.235566116029322,1
27,1,0,1,"direct","MC2","F",1,0,1,-0.339088870541433,0
27,2,0,2,"direct","MC2","F",4,0,2,-1.85644188099377,0
27,3,0,3,"direct","MC2","F",9,0,3,0.28227642893836,1
27,4,0,4,"direct","MC2","F",16,0,4,-0.932893966079115,0
27,0,1,5,"direct","MC2","F",0,0,0,0.361773042709851,1
27,1,1,6,"direct","MC2","F",1,1,0,-0.965070448194747,0
27,2,1,7,"direct","MC2","F",4,1,1,-1.52637047260179,0
27,3,1,8,"direct","MC2","F",9,1,2,-1.23727930569315,0
27,4,1,9,"direct","MC2","F",16,1,3,-1.98179691716378,0
27,0,2,10,"direct","MC2","F",0,0,0,-0.171886771897345,0
27,1,2,11,"direct","MC2","F",1,1,0,-1.14892416342782,0
27,2,2,12,"direct","MC2","F",4,2,0,1.01322806769192,1
27,3,2,13,"direct","MC2","F",9,2,1,-0.935465761583031,0
27,4,2,14,"direct","MC2","F",16,2,2,-0.46834282151512,0
28,0,0,0,"direct","MC3","M",0,0,0,0.102088571776667,1
28,1,0,1,"direct","MC3","M",1,0,1,0.732756947591308,1
28,2,0,2,"direct","MC3","M",4,0,2,-1.09702360499019,0
28,3,0,3,"direct","MC3","M",9,0,3,-2.57426907247935,0
28,4,0,4,"direct","MC3","M",16,0,4,0.521069338506805,1
28,0,1,5,"direct","MC3","M",0,0,0,2.61099159154108,3
28,1,1,6,"direct","MC3","M",1,1,0,-0.0910474289904335,0
28,2,1,7,"direct","MC3","M",4,1,1,-2.08696321406369,0
28,3,1,8,"direct","MC3","M",9,1,2,0.660986911298315,1
28,4,1,9,"direct","MC3","M",16,1,3,-2.30272669153767,0
28,0,2,10,"direct","MC3","M",0,0,0,-0.535648544406143,0
28,1,2,11,"direct","MC3","M",1,1,0,-1.50865967493981,0
28,2,2,12,"direct","MC3","M",4,2,0,1.82399935508316,2
28,3,2,13,"direct","MC3","M",9,2,1,2.70106902089175,3
28,4,2,14,"direct","MC3","M",16,2,2,-1.70578067197527,0
29,0,0,0,"direct","MC2","F",0,0,0,2.40033437315082,3
29,1,0,1,"direct","MC2","F",1,0,1,0.79882701197419,1
29,2,0,2,"direct","MC2","F",4,0,2,2.00555854641052,3
29,3,0,3,"direct","MC2","F",9,0,3,1.45653634389528,2
29,4,0,4,"direct","MC2","F",16,0,4,3.43290336531019,4
29,0,1,5,"direct","MC2","F",0,0,0,2.12510921806286,3
29,1,1,6,"direct","MC2","F",1,1,0,2.08755341283503,3
29,2,1,7,"direct","MC2","F",4,1,1,2.05754732502197,3
29,3,1,8,"direct","MC2","F",9,1,2,0.876007117340008,1
29,4,1,9,"direct","MC2","F",16,1,3,0.354828412261643,1
29,0,2,10,"direct","MC2","F",0,0,0,1.4317029130287,2
29,1,2,11,"direct","MC2","F",1,1,0,3.73385639087606,4
29,2,2,12,"direct","MC2","F",4,2,0,2.73288973802606,3
29,3,2,13,"direct","MC2","F",9,2,1,0.705122898841784,1
29,4,2,14,"direct","MC2","F",16,2,2,1.89153626960735,2
30,0,0,0,"direct","MC2","K",0,0,0,3.51616887207741,4
30,1,0,1,"direct","MC2","K",1,0,1,3.4460467883222,4
30,2,0,2,"direct","MC2","K",4,0,2,0.179763299565364,1
30,3,0,3,"direct","MC2","K",9,0,3,2.56680214308761,3
30,4,0,4,"direct","MC2","K",16,0,4,2.05953533257465,3
30,0,1,5,"direct","MC2","K",0,0,0,1.41678971324875,2
30,1,1,6,"direct","MC2","K",1,1,0,0.616199221068832,1
30,2,1,7,"direct","MC2","K",4,1,1,2.97518502729007,4
30,3,1,8,"direct","MC2","K",9,1,2,1.4061506485779,2
30,4,1,9,"direct","MC2","K",16,1,3,2.63709586515716,3
30,0,2,10,"direct","MC2","K",0,0,0,2.92705251376688,4
30,1,2,11,"direct","MC2","K",1,1,0,4.07322988731486,4
30,2,2,12,"direct","MC2","K",4,2,0,3.52766198018993,4
30,3,2,13,"direct","MC2","K",9,2,1,0.442814555658648,1
30,4,2,14,"direct","MC2","K",16,2,2,0.0587200926108493,1
31,0,0,0,"sos","MC3","M",0,0,0,5.09061800290694,5
31,1,0,1,"sos","MC3","M",1,0,1,1.43849144529428,2
31,2,0,2,"sos","MC3","M",4,0,2,1.78851087769044,2
31,3,0,3,"sos","MC3","M",9,0,3,2.18679109288101,3
31,4,0,4,"sos","MC3","M",16,0,4,0.45469741118791,1
31,0,1,5,"sos","MC3","M",0,0,0,5.07155804919982,5
31,1,1,6,"sos","MC3","M",1,1,0,4.99195474338115,5
31,2,1,7,"sos","MC3","M",4,1,1,4.32223109135587,5
31,3,1,8,"sos","MC3","M",9,1,2,2.99041583172025,4
31,4,1,9,"sos","MC3","M",16,1,3,1.22640807244399,2
31,0,2,10,"sos","MC3","M",0,0,0,4.60741779292978,5
31,1,2,11,"sos","MC3","M",1,1,0,4.50236621522099,5
31,2,2,12,"sos","MC3","M",4,2,0,5.01476300208462,5
31,3,2,13,"sos","MC3","M",9,2,1,6.69978265052103,5
31,4,2,14,"sos","MC3","M",16,2,2,4.12543510375232,5
32,0,0,0,"sos","MC2","M",0,0,0,0.938994200454168,1
32,1,0,1,"sos","MC2","M",1,0,1,-1.54743341482293,0
32,2,0,2,"sos","MC2","M",4,0,2,-3.39247918768547,0
32,3,0,3,"sos","MC2","M",9,0,3,-1.12692241441257,0
32,4,0,4,"sos","MC2","M",16,0,4,0.889533932477842,1
32,0,1,5,"sos","MC2","M",0,0,0,3.50059812838929,4
32,1,1,6,"sos","MC2","M",1,1,0,-0.127758416110618,0
32,2,1,7,"sos","MC2","M",4,1,1,1.02873391117826,1
32,3,1,8,"sos","MC2","M",9,1,2,-0.530809251351795,0
32,4,1,9,"sos","MC2","M",16,1,3,-1.31272942723243,0
32,0,2,10,"sos","MC2","M",0,0,0,1.27847692729501,2
32,1,2,11,"sos","MC2","M",1,1,0,2.75373008381484,3
32,2,2,12,"sos","MC2","M",4,2,0,3.30038309196934,4
32,3,2,13,"sos","MC2","M",9,2,1,0.878281746270376,1
32,4,2,14,"sos","MC2","M",16,2,2,1.33272827574144,2
33,0,0,0,"sos","MC1","M",0,0,0,1.02695974637738,1
33,1,0,1,"sos","MC1","M",1,0,1,-0.131276167622041,0
33,2,0,2,"sos","MC1","M",4,0,2,0.872638553322571,1
33,3,0,3,"sos","MC1","M",9,0,3,-0.553124210432131,0
33,4,0,4,"sos","MC1","M",16,0,4,-2.16600421957403,0
33,0,1,5,"sos","MC1","M",0,0,0,1.56119837082252,2
33,1,1,6,"sos","MC1","M",1,1,0,0.878992496937142,1
33,2,1,7,"sos","MC1","M",4,1,1,0.426590545215938,1
33,3,1,8,"sos","MC1","M",9,1,2,1.30317561885553,2
33,4,1,9,"sos","MC1","M",16,1,3,-2.03790754360244,0
33,0,2,10,"sos","MC1","M",0,0,0,-1.22295580239626,0
33,1,2,11,"sos","MC1","M",1,1,0,1.94222427451699,3
33,2,2,12,"sos","MC1","M",4,2,0,1.77609760814497,2
33,3,2,13,"sos","MC1","M",9,2,1,1.90311624549864,2
33,4,2,14,"sos","MC1","M",16,2,2,2.77982940573361,3
34,0,0,0,"sos","MC3","K",0,0,0,3.08282404224727,4
34,1,0,1,"sos","MC3","K",1,0,1,1.77372909640689,2
34,2,0,2,"sos","MC3","K",4,0,2,0.279504785259392,1
34,3,0,3,"sos","MC3","K",9,0,3,2.28257797473688,3
34,4,0,4,"sos","MC3","K",16,0,4,-1.21504676440235,0
34,0,1,5,"sos","MC3","K",0,0,0,4.28208568400661,5
34,1,1,6,"sos","MC3","K",1,1,0,0.127680371014503,1
34,2,1,7,"sos","MC3","K",4,1,1,2.54890220705121,3
34,3,1,8,"sos","MC3","K",9,1,2,0.977238066101196,1
34,4,1,9,"sos","MC3","K",16,1,3,0.930480373458263,1
34,0,2,10,"sos","MC3","K",0,0,0,2.1096242184431,3
34,1,2,11,"sos","MC3","K",1,1,0,1.21349284184703,2
34,2,2,12,"sos","MC3","K",4,2,0,4.3524095635587,5
34,3,2,13,"sos","MC3","K",9,2,1,2.29314214271661,3
34,4,2,14,"sos","MC3","K",16,2,2,2.50767905045115,3
35,0,0,0,"sos","MC2","N",0,0,0,-0.673766507088739,0
35,1,0,1,"sos","MC2","N",1,0,1,2.43668340200501,3
35,2,0,2,"sos","MC2","N",4,0,2,1.61985511929602,2
35,3,0,3,"sos","MC2","N",9,0,3,-1.2174287442432,0
35,4,0,4,"sos","MC2","N",16,0,4,-1.67969603434522,0
35,0,1,5,"sos","MC2","N",0,0,0,2.92479910116712,4
35,1,1,6,"sos","MC2","N",1,1,0,1.78082721448759,2
35,2,1,7,"sos","MC2","N",4,1,1,1.76369209627106,2
35,3,1,8,"sos","MC2","N",9,1,2,1.27685623071502,2
35,4,1,9,"sos","MC2","N",16,1,3,-0.023542750559393,0
35,0,2,10,"sos","MC2","N",0,0,0,1.60322291442992,2
35,1,2,11,"sos","MC2","N",1,1,0,1.60496524306758,2
35,2,2,12,"sos","MC2","N",4,2,0,3.54799042421178,4
35,3,2,13,"sos","MC2","N",9,2,1,2.41649902932244,3
35,4,2,14,"sos","MC2","N",16,2,2,0.772730630758992,1
36,0,0,0,"sos","MC2","F",0,0,0,5.003805197034,5
36,1,0,1,"sos","MC2","F",1,0,1,3.88578393535952,4
36,2,0,2,"sos","MC2","F",4,0,2,1.88462156437377,2
36,3,0,3,"sos","MC2","F",9,0,3,2.88833420065483,4
36,4,0,4,"sos","MC2","F",16,0,4,1.41821400868681,2
36,0,1,5,"sos","MC2","F",0,0,0,7.31752908980847,5
36,1,1,6,"sos","MC2","F",1,1,0,3.74105619147383,4
36,2,1,7,"sos","MC2","F",4,1,1,6.0071892468358,5
36,3,1,8,"sos","MC2","F",9,1,2,3.91807622942142,4
36,4,1,9,"sos","MC2","F",16,1,3,2.2251348981646,3
36,0,2,10,"sos","MC2","F",0,0,0,5.06632099751099,5
36,1,2,11,"sos","MC2","F",1,1,0,8.45085922582236,5
36,2,2,12,"sos","MC2","F",4,2,0,4.96210725908974,5
36,3,2,13,"sos","MC2","F",9,2,1,6.36314255974999,5
36,4,2,14,"sos","MC2","F",16,2,2,4.98873460071209,5
37,0,0,0,"sos","MC3","M",0,0,0,2.67509991305022,3
37,1,0,1,"sos","MC3","M",1,0,1,4.61346985980051,5
37,2,0,2,"sos","MC3","M",4,0,2,1.49659299986802,2
37,3,0,3,"sos","MC3","M",9,0,3,0.817976300558903,1
37,4,0,4,"sos","MC3","M",16,0,4,-0.180109981704077,0
37,0,1,5,"sos","MC3","M",0,0,0,2.84508375473789,4
37,1,1,6,"sos","MC3","M",1,1,0,2.99680587956218,4
37,2,1,7,"sos","MC3","M",4,1,1,1.99308944518897,3
37,3,1,8,"sos","MC3","M",9,1,2,2.34154387820148,3
37,4,1,9,"sos","MC3","M",16,1,3,3.6411126179186,4
37,0,2,10,"sos","MC3","M",0,0,0,4.26114448493317,5
37,1,2,11,"sos","MC3","M",1,1,0,5.8752029942779,5
37,2,2,12,"sos","MC3","M",4,2,0,4.24216688182509,5
37,3,2,13,"sos","MC3","M",9,2,1,2.64295641365595,3
37,4,2,14,"sos","MC3","M",16,2,2,2.24540016968915,3
38,0,0,0,"sos","MC1","F",0,0,0,3.52964411116436,4
38,1,0,1,"sos","MC1","F",1,0,1,3.30235992155946,4
38,2,0,2,"sos","MC1","F",4,0,2,2.28062288252441,3
38,3,0,3,"sos","MC1","F",9,0,3,2.49261408344636,3
38,4,0,4,"sos","MC1","F",16,0,4,-0.144386686898977,0
38,0,1,5,"sos","MC1","F",0,0,0,1.04532830833382,1
38,1,1,6,"sos","MC1","F",1,1,0,3.06297829496799,4
38,2,1,7,"sos","MC1","F",4,1,1,1.60890131166861,2
38,3,1,8,"sos","MC1","F",9,1,2,2.98000795774527,4
38,4,1,9,"sos","MC1","F",16,1,3,2.74601754309913,3
38,0,2,10,"sos","MC1","F",0,0,0,4.05901248348409,4
38,1,2,11,"sos","MC1","F",1,1,0,6.55832601697558,5
38,2,2,12,"sos","MC1","F",4,2,0,6.27030973988392,5
38,3,2,13,"sos","MC1","F",9,2,1,3.90345059955933,4
38,4,2,14,"sos","MC1","F",16,2,2,2.58580289454498,3
39,0,0,0,"sos","MC3","H",0,0,0,1.90800940093518,3
39,1,0,1,"sos","MC3","H",1,0,1,2.10457539411388,3
39,2,0,2,"sos","MC3","H",4,0,2,1.94927218538518,3
39,3,0,3,"sos","MC3","H",9,0,3,-0.181916039052187,0
39,4,0,4,"sos","MC3","H",16,0,4,1.67716885263945,2
39,0,1,5,"sos","MC3","H",0,0,0,3.56079485336293,4
39,1,1,6,"sos","MC3","H",1,1,0,5.66050528635539,5
39,2,1,7,"sos","MC3","H",4,1,1,2.09274616985532,3
39,3,1,8,"sos","MC3","H",9,1,2,2.15484861452039,3
39,4,1,9,"sos","MC3","H",16,1,3,0.703093783818514,1
39,0,2,10,"sos","MC3","H",0,0,0,2.42542513139566,3
39,1,2,11,"sos","MC3","H",1,1,0,3.64882058940403,4
39,2,2,12,"sos","MC3","H",4,2,0,4.81337485154042,5
39,3,2,13,"sos","MC3","H",9,2,1,4.7457634191576,5
39,4,2,14,"sos","MC3","H",16,2,2,1.99535251284565,3
40,0,0,0,"sos","MC3","F",0,0,0,3.57243629321549,4
40,1,0,1,"sos","MC3","F",1,0,1,2.80926398032828,3
40,2,0,2,"sos","MC3","F",4,0,2,3.76053803797107,4
40,3,0,3,"sos","MC3","F",9,0,3,2.63517094368534,3
40,4,0,4,"sos","MC3","F",16,0,4,1.49618754855395,2
40,0,1,5,"sos","MC3","F",0,0,0,3.41252368355108,4
40,1,1,6,"sos","MC3","F",1,1,0,5.50224422231405,5
40,2,1,7,"sos","MC3","F",4,1,1,6.15279368136444,5
40,3,1,8,"sos","MC3","F",9,1,2,1.78167036901801,2
40,4,1,9,"sos","MC3","F",16,1,3,3.54780353677156,4
40,0,2,10,"sos","MC3","F",0,0,0,6.57944954235865,5
40,1,2,11,"sos","MC3","F",1,1,0,4.0755025602988,5
40,2,2,12,"sos","MC3","F",4,2,0,5.39727773250481,5
40,3,2,13,"sos","MC3","F",9,2,1,4.5881627776929,5
40,4,2,14,"sos","MC3","F",16,2,2,1.64108463950508,2
41,0,0,0,"sos","MC3","N",0,0,0,2.77628831273654,3
41,1,0,1,"sos","MC3","N",1,0,1,3.45078396795916,4
41,2,0,2,"sos","MC3","N",4,0,2,2.00382033639286,3
41,3,0,3,"sos","MC3","N",9,0,3,3.48117533070947,4
41,4,0,4,"sos","MC3","N",16,0,4,1.02597351560295,1
41,0,1,5,"sos","MC3","N",0,0,0,2.42038684400281,3
41,1,1,6,"sos","MC3","N",1,1,0,4.12397257371253,5
41,2,1,7,"sos","MC3","N",4,1,1,3.29812084396791,4
41,3,1,8,"sos","MC3","N",9,1,2,1.42038081528315,2
41,4,1,9,"sos","MC3","N",16,1,3,2.77194967894744,3
41,0,2,10,"sos","MC3","N",0,0,0,4.99732704150468,5
41,1,2,11,"sos","MC3","N",1,1,0,6.61787369059192,5
41,2,2,12,"sos","MC3","N",4,2,0,3.99348680287885,4
41,3,2,13,"sos","MC3","N",9,2,1,1.39225703995224,2
41,4,2,14,"sos","MC3","N",16,2,2,3.96847109670926,4
42,0,0,0,"sos","MC3","F",0,0,0,4.33586916732193,5
42,1,0,1,"sos","MC3","F",1,0,1,3.42784786710444,4
42,2,0,2,"sos","MC3","F",4,0,2,2.33081201334957,3
42,3,0,3,"sos","MC3","F",9,0,3,-0.706525729581603,0
42,4,0,4,"sos","MC3","F",16,0,4,1.10238538477988,2
42,0,1,5,"sos","MC3","F",0,0,0,3.72096353392897,4
42,1,1,6,"sos","MC3","F",1,1,0,3.99689837113833,4
42,2,1,7,"sos","MC3","F",4,1,1,4.70315425669909,5
42,3,1,8,"sos","MC3","F",9,1,2,4.56921840047597,5
42,4,1,9,"sos","MC3","F",16,1,3,1.64659294188838,2
42,0,2,10,"sos","MC3","F",0,0,0,5.14499853441139,5
42,1,2,11,"sos","MC3","F",1,1,0,6.6885345034116,5
42,2,2,12,"sos","MC3","F",4,2,0,6.11870996910696,5
42,3,2,13,"sos","MC3","F",9,2,1,4.93631429252008,5
42,4,2,14,"sos","MC3","F",16,2,2,3.78636028445638,4
43,0,0,0,"sos","MC2","H",0,0,0,2.86236186307595,4
43,1,0,1,"sos","MC2","H",1,0,1,3.30215097549724,4
43,2,0,2,"sos","MC2","H",4,0,2,1.31637309337802,2
43,3,0,3,"sos","MC2","H",9,0,3,3.773729568884,4
43,4,0,4,"sos","MC2","H",16,0,4,2.67938708247956,3
43,0,1,5,"sos","MC2","H",0,0,0,3.58626322416804,4
43,1,1,6,"sos","MC2","H",1,1,0,4.80705089825856,5
43,2,1,7,"sos","MC2","H",4,1,1,3.98686754704708,4
43,3,1,8,"sos","MC2","H",9,1,2,2.6017128519739,3
43,4,1,9,"sos","MC2","H",16,1,3,1.77928415749191,2
43,0,2,10,"sos","MC2","H",0,0,0,5.04360922095588,5
43,1,2,11,"sos","MC2","H",1,1,0,4.06888492409218,4
43,2,2,12,"sos","MC2","H",4,2,0,5.61248282702068,5
43,3,2,13,"sos","MC2","H",9,2,1,6.85999201073351,5
43,4,2,14,"sos","MC2","H",16,2,2,3.98430435535508,4
44,0,0,0,"sos","MC2","H",0,0,0,3.23866886508868,4
44,1,0,1,"sos","MC2","H",1,0,1,3.9466035945443,4
44,2,0,2,"sos","MC2","H",4,0,2,2.56991987362348,3
44,3,0,3,"sos","MC2","H",9,0,3,2.12044611404032,3
44,4,0,4,"sos","MC2","H",16,0,4,1.6152642519053,2
44,0,1,5,"sos","MC2","H",0,0,0,3.8420447356883,4
44,1,1,6,"sos","MC2","H",1,1,0,5.05285895985138,5
44,2,1,7,"sos","MC2","H",4,1,1,2.17618932428221,3
44,3,1,8,"sos","MC2","H",9,1,2,4.28856675177262,5
44,4,1,9,"sos","MC2","H",16,1,3,1.55757241671791,2
44,0,2,10,"sos","MC2","H",0,0,0,5.13793472554162,5
44,1,2,11,"sos","MC2","H",1,1,0,2.84007649092644,4
44,2,2,12,"sos","MC2","H",4,2,0,6.72439723120611,5
44,3,2,13,"sos","MC2","H",9,2,1,6.99720463345517,5
44,4,2,14,"sos","MC2","H",16,2,2,5.05844982248761,5
45,0,0,0,"sos","MC3","F",0,0,0,6.30370134651749,5
45,1,0,1,"sos","MC3","F",1,0,1,5.18494408048464,5
45,2,0,2,"sos","MC3","F",4,0,2,4.23784860515113,5
45,3,0,3,"sos","MC3","F",9,0,3,4.24618411840724,5
45,4,0,4,"sos","MC3","F",16,0,4,4.32503978299324,5
45,0,1,5,"sos","MC3","F",0,0,0,6.4205058213067,5
45,1,1,6,"sos","MC3","F",1,1,0,7.21897174194426,5
45,2,1,7,"sos","MC3","F",4,1,1,4.30378949894698,5
45,3,1,8,"sos","MC3","F",9,1,2,3.96789476417674,4
45,4,1,9,"sos","MC3","F",16,1,3,4.70749332079518,5
45,0,2,10,"sos","MC3","F",0,0,0,7.4719602823002,5
45,1,2,11,"sos","MC3","F",1,1,0,5.56633274889745,5
45,2,2,12,"sos","MC3","F",4,2,0,8.78445233007611,5
45,3,2,13,"sos","MC3","F",9,2,1,8.22997152695811,5
45,4,2,14,"sos","MC3","F",16,2,2,4.3049218122267,5
46,0,0,0,"sos","MC2","F",0,0,0,4.87646852266147,5
46,1,0,1,"sos","MC2","F",1,0,1,5.04736701979469,5
46,2,0,2,"sos","MC2","F",4,0,2,6.22732266373468,5
46,3,0,3,"sos","MC2","F",9,0,3,2.09085377212649,3
46,4,0,4,"sos","MC2","F",16,0,4,4.08427571604812,5
46,0,1,5,"sos","MC2","F",0,0,0,5.36412241790478,5
46,1,1,6,"sos","MC2","F",1,1,0,6.09245112095431,5
46,2,1,7,"sos","MC2","F",4,1,1,7.16866849306604,5
46,3,1,8,"sos","MC2","F",9,1,2,4.65303766440535,5
46,4,1,9,"sos","MC2","F",16,1,3,2.84020466583977,4
46,0,2,10,"sos","MC2","F",0,0,0,7.62739801832547,5
46,1,2,11,"sos","MC2","F",1,1,0,6.34552723930789,5
46,2,2,12,"sos","MC2","F",4,2,0,8.70446551929638,5
46,3,2,13,"sos","MC2","F",9,2,1,7.22321889927804,5
46,4,2,14,"sos","MC2","F",16,2,2,4.46827502772395,5
47,0,0,0,"sos","MC3","S",0,0,0,5.12537973791687,5
47,1,0,1,"sos","MC3","S",1,0,1,1.29749411099891,2
47,2,0,2,"sos","MC3","S",4,0,2,3.65342946729588,4
47,3,0,3,"sos","MC3","S",9,0,3,0.319884488117741,1
47,4,0,4,"sos","MC3","S",16,0,4,0.817443289588269,1
47,0,1,5,"sos","MC3","S",0,0,0,4.3237129922446,5
47,1,1,6,"sos","MC3","S",1,1,0,3.75338331033282,4
47,2,1,7,"sos","MC3","S",4,1,1,1.79874484346835,2
47,3,1,8,"sos","MC3","S",9,1,2,3.57228534108808,4
47,4,1,9,"sos","MC3","S",16,1,3,0.73398095308326,1
47,0,2,10,"sos","MC3","S",0,0,0,2.37492567372751,3
47,1,2,11,"sos","MC3","S",1,1,0,3.44344569631078,4
47,2,2,12,"sos","MC3","S",4,2,0,6.13935961906633,5
47,3,2,13,"sos","MC3","S",9,2,1,3.20538188247645,4
47,4,2,14,"sos","MC3","S",16,2,2,3.1784657033904,4
48,0,0,0,"sos","MC3","H",0,0,0,5.27021039761516,5
48,1,0,1,"sos","MC3","H",1,0,1,3.62525421007147,4
48,2,0,2,"sos","MC3","H",4,0,2,2.48797199535315,3
48,3,0,3,"sos","MC3","H",9,0,3,3.49182067525809,4
48,4,0,4,"sos","MC3","H",16,0,4,3.10306182113578,4
48,0,1,5,"sos","MC3","H",0,0,0,5.33558660420821,5
48,1,1,6,"sos","MC3","H",1,1,0,5.89927435532551,5
48,2,1,7,"sos","MC3","H",4,1,1,5.19788780985247,5
48,3,1,8,"sos","MC3","H",9,1,2,5.83862505519144,5
48,4,1,9,"sos","MC3","H",16,1,3,1.65043140603016,2
48,0,2,10,"sos","MC3","H",0,0,0,4.98410656704548,5
48,1,2,11,"sos","MC3","H",1,1,0,3.8956440171618,4
48,2,2,12,"sos","MC3","H",4,2,0,5.18753232396288,5
48,3,2,13,"sos","MC3","H",9,2,1,5.37571720644198,5
48,4,2,14,"sos","MC3","H",16,2,2,3.81094440034133,4
49,0,0,0,"sos","MC2","K",0,0,0,1.4104409629034,2
49,1,0,1,"sos","MC2","K",1,0,1,0.125599404192898,1
49,2,0,2,"sos","MC2","K",4,0,2,0.27913235331702,1
49,3,0,3,"sos","MC2","K",9,0,3,1.30050102534214,2
49,4,0,4,"sos","MC2","K",16,0,4,-0.861673291290582,0
49,0,1,5,"sos","MC2","K",0,0,0,1.82412780019614,2
49,1,1,6,"sos","MC2","K",1,1,0,-0.512879405941534,0
49,2,1,7,"sos","MC2","K",4,1,1,2.0430590421214,3
49,3,1,8,"sos","MC2","K",9,1,2,-0.271514726101615,0
49,4,1,9,"sos","MC2","K",16,1,3,-2.79280870376453,0
49,0,2,10,"sos","MC2","K",0,0,0,2.8686504920912,4
49,1,2,11,"sos","MC2","K",1,1,0,1.29131719676894,2
49,2,2,12,"sos","MC2","K",4,2,0,2.82260767499855,3
49,3,2,13,"sos","MC2","K",9,2,1,2.341757274173,3
49,4,2,14,"sos","MC2","K",16,2,2,-0.528927973854099,0
50,0,0,0,"sos","MC1","F",0,0,0,4.73846831833484,5
50,1,0,1,"sos","MC1","F",1,0,1,0.103040980088787,1
50,2,0,2,"sos","MC1","F",4,0,2,0.640731046284475,1
50,3,0,3,"sos","MC1","F",9,0,3,0.699118935319238,1
50,4,0,4,"sos","MC1","F",16,0,4,2.51266765138584,3
50,0,1,5,"sos","MC1","F",0,0,0,1.58125890053694,2
50,1,1,6,"sos","MC1","F",1,1,0,5.27100946290687,5
50,2,1,7,"sos","MC1","F",4,1,1,1.24639341154531,2
50,3,1,8,"sos","MC1","F",9,1,2,0.829211228829274,1
50,4,1,9,"sos","MC1","F",16,1,3,0.783432634879149,1
50,0,2,10,"sos","MC1","F",0,0,0,2.83863066737731,4
50,1,2,11,"sos","MC1","F",1,1,0,6.24420284138011,5
50,2,2,12,"sos","MC1","F",4,2,0,4.06124765641585,4
50,3,2,13,"sos","MC1","F",9,2,1,1.64672615559359,2
50,4,2,14,"sos","MC1","F",16,2,2,3.27018623334212,4
51,0,0,0,"sos","MC2","F",0,0,0,0.925719996869948,1
51,1,0,1,"sos","MC2","F",1,0,1,-1.00284084340376,0
51,2,0,2,"sos","MC2","F",4,0,2,1.94427616424201,3
51,3,0,3,"sos","MC2","F",9,0,3,-0.611519969456172,0
51,4,0,4,"sos","MC2","F",16,0,4,-1.79004877536823,0
51,0,1,5,"sos","MC2","F",0,0,0,-1.16784396995823,0
51,1,1,6,"sos","MC2","F",1,1,0,2.32325898595595,3
51,2,1,7,"sos","MC2","F",4,1,1,0.735422815708285,1
51,3,1,8,"sos","MC2","F",9,1,2,1.02780737351328,1
51,4,1,9,"sos","MC2","F",16,1,3,0.798994148023083,1
51,0,2,10,"sos","MC2","F",0,0,0,-0.0301442399158875,0
51,1,2,11,"sos","MC2","F",1,1,0,1.36789980576102,2
51,2,2,12,"sos","MC2","F",4,2,0,5.5905394044267,5
51,3,2,13,"sos","MC2","F",9,2,1,-0.0346314263555878,0
51,4,2,14,"sos","MC2","F",16,2,2,-0.208842171275143,0
52,0,0,0,"sos","MC1","K",0,0,0,2.00257113165813,3
52,1,0,1,"sos","MC1","K",1,0,1,2.45757584486587,3
52,2,0,2,"sos","MC1","K",4,0,2,0.782589233245521,1
52,3,0,3,"sos","MC1","K",9,0,3,2.83881104030883,4
52,4,0,4,"sos","MC1","K",16,0,4,-0.140892220899537,0
52,0,1,5,"sos","MC1","K",0,0,0,4.91243225083567,5
52,1,1,6,"sos","MC1","K",1,1,0,4.04870166434186,4
52,2,1,7,"sos","MC1","K",4,1,1,3.03217283280899,4
52,3,1,8,"sos","MC1","K",9,1,2,0.747256900932032,1
52,4,1,9,"sos","MC1","K",16,1,3,1.96057584216471,3
52,0,2,10,"sos","MC1","K",0,0,0,4.23566551532219,5
52,1,2,11,"sos","MC1","K",1,1,0,2.06843752661508,3
52,2,2,12,"sos","MC1","K",4,2,0,5.57784748907851,5
52,3,2,13,"sos","MC1","K",9,2,1,4.47377621284856,5
52,4,2,14,"sos","MC1","K",16,2,2,3.32914223802484,4
53,0,0,0,"sos","MC2","M",0,0,0,4.15163421183566,5
53,1,0,1,"sos","MC2","M",1,0,1,0.875678058552001,1
53,2,0,2,"sos","MC2","M",4,0,2,2.08468216969602,3
53,3,0,3,"sos","MC2","M",9,0,3,1.8611457535277,2
53,4,0,4,"sos","MC2","M",16,0,4,0.427715336519379,1
53,0,1,5,"sos","MC2","M",0,0,0,3.95531929612055,4
53,1,1,6,"sos","MC2","M",1,1,0,3.0898376732765,4
53,2,1,7,"sos","MC2","M",4,1,1,4.96925995637102,5
53,3,1,8,"sos","MC2","M",9,1,2,2.20104044613705,3
53,4,1,9,"sos","MC2","M",16,1,3,2.06959215407717,3
53,0,2,10,"sos","MC2","M",0,0,0,1.80248524427586,2
53,1,2,11,"sos","MC2","M",1,1,0,6.14612780126718,5
53,2,2,12,"sos","MC2","M",4,2,0,5.29312130330296,5
53,3,2,13,"sos","MC2","M",9,2,1,6.21651248997298,5
53,4,2,14,"sos","MC2","M",16,2,2,3.37251675233112,4
54,0,0,0,"sos","MC2","N",0,0,0,1.40951706759687,2
54,1,0,1,"sos","MC2","N",1,0,1,4.26087404968304,5
54,2,0,2,"sos","MC2","N",4,0,2,1.28348501608748,2
54,3,0,3,"sos","MC2","N",9,0,3,1.36621891718216,2
54,4,0,4,"sos","MC2","N",16,0,4,0.352409423857755,1
54,0,1,5,"sos","MC2","N",0,0,0,6.57268751832569,5
54,1,1,6,"sos","MC2","N",1,1,0,4.60767584313227,5
54,2,1,7,"sos","MC2","N",4,1,1,4.7146440999749,5
54,3,1,8,"sos","MC2","N",9,1,2,3.17738597660566,4
54,4,1,9,"sos","MC2","N",16,1,3,3.18815036354458,4
54,0,2,10,"sos","MC2","N",0,0,0,3.81363108723157,4
54,1,2,11,"sos","MC2","N",1,1,0,6.91818473753371,5
54,2,2,12,"sos","MC2","N",4,2,0,3.99887896983557,4
54,3,2,13,"sos","MC2","N",9,2,1,5.70108734249605,5
54,4,2,14,"sos","MC2","N",16,2,2,3.97876196005021,4
55,0,0,0,"sos","MC1","K",0,0,0,2.12255038127361,3
55,1,0,1,"sos","MC1","K",1,0,1,-0.0320180446425695,0
55,2,0,2,"sos","MC1","K",4,0,2,-0.322191012228912,0
55,3,0,3,"sos","MC1","K",9,0,3,2.6848940688297,3
55,4,0,4,"sos","MC1","K",16,0,4,1.51578685240877,2
55,0,1,5,"sos","MC1","K",0,0,0,1.89360241276234,2
55,1,1,6,"sos","MC1","K",1,1,0,1.51252036326802,2
55,2,1,7,"sos","MC1","K",4,1,1,1.73266821962137,2
55,3,1,8,"sos","MC1","K",9,1,2,1.95274069352495,3
55,4,1,9,"sos","MC1","K",16,1,3,0.918535977807838,1
55,0,2,10,"sos","MC1","K",0,0,0,2.19837845015695,3
55,1,2,11,"sos","MC1","K",1,1,0,2.39693826030876,3
55,2,2,12,"sos","MC1","K",4,2,0,3.50559089336666,4
55,3,2,13,"sos","MC1","K",9,2,1,2.55684337512246,3
55,4,2,14,"sos","MC1","K",16,2,2,1.29402868346381,2
56,0,0,0,"sos","MC1","M",0,0,0,3.66856838828767,4
56,1,0,1,"sos","MC1","M",1,0,1,2.82715270954644,4
56,2,0,2,"sos","MC1","M",4,0,2,2.57483042598887,3
56,3,0,3,"sos","MC1","M",9,0,3,2.42750573034464,3
56,4,0,4,"sos","MC1","M",16,0,4,0.655932030615286,1
56,0,1,5,"sos","MC1","M",0,0,0,3.61761824437419,4
56,1,1,6,"sos","MC1","M",1,1,0,5.45531059058205,5
56,2,1,7,"sos","MC1","M",4,1,1,1.56891133255037,2
56,3,1,8,"sos","MC1","M",9,1,2,1.66553531457502,2
56,4,1,9,"sos","MC1","M",16,1,3,2.12195503826891,3
56,0,2,10,"sos","MC1","M",0,0,0,4.18540777234695,5
56,1,2,11,"sos","MC1","M",1,1,0,5.51624927024941,5
56,2,2,12,"sos","MC1","M",4,2,0,4.73605855070199,5
56,3,2,13,"sos","MC1","M",9,2,1,5.31998971670844,5
56,4,2,14,"sos","MC1","M",16,2,2,5.15687099698318,5
57,0,0,0,"sos","MC3","F",0,0,0,6.31453323215397,5
57,1,0,1,"sos","MC3","F",1,0,1,2.32579335544174,3
57,2,0,2,"sos","MC3","F",4,0,2,-0.292649617914635,0
57,3,0,3,"sos","MC3","F",9,0,3,3.02524623367989,4
57,4,0,4,"sos","MC3","F",16,0,4,1.21887275460914,2
57,0,1,5,"sos","MC3","F",0,0,0,5.52081289557357,5
57,1,1,6,"sos","MC3","F",1,1,0,3.88699341757098,4
57,2,1,7,"sos","MC3","F",4,1,1,3.25072951267737,4
57,3,1,8,"sos","MC3","F",9,1,2,4.10485674872648,5
57,4,1,9,"sos","MC3","F",16,1,3,2.44053219133364,3
57,0,2,10,"sos","MC3","F",0,0,0,4.89277728319984,5
57,1,2,11,"sos","MC3","F",1,1,0,6.48875296629578,5
57,2,2,12,"sos","MC3","F",4,2,0,4.69342959717004,5
57,3,2,13,"sos","MC3","F",9,2,1,4.49536179284894,5
57,4,2,14,"sos","MC3","F",16,2,2,5.3918873107255,5
58,0,0,0,"sos","MC3","N",0,0,0,2.45192394701731,3
58,1,0,1,"sos","MC3","N",1,0,1,0.0345970102800015,1
58,2,0,2,"sos","MC3","N",4,0,2,0.400083397948979,1
58,3,0,3,"sos","MC3","N",9,0,3,0.983394699051588,1
58,4,0,4,"sos","MC3","N",16,0,4,-1.6501378621089,0
58,0,1,5,"sos","MC3","N",0,0,0,-0.864378972406455,0
58,1,1,6,"sos","MC3","N",1,1,0,2.04059480758084,3
58,2,1,7,"sos","MC3","N",4,1,1,3.81964391142032,4
58,3,1,8,"sos","MC3","N",9,1,2,0.244825170804423,1
58,4,1,9,"sos","MC3","N",16,1,3,1.23074242046662,2
58,0,2,10,"sos","MC3","N",0,0,0,1.43729975352214,2
58,1,2,11,"sos","MC3","N",1,1,0,5.83356111341543,5
58,2,2,12,"sos","MC3","N",4,2,0,2.42790557779194,3
58,3,2,13,"sos","MC3","N",9,2,1,0.00132785280616821,0
58,4,2,14,"sos","MC3","N",16,2,2,0.894356822351746,1
59,0,0,0,"sos","MC3","S",0,0,0,5.299001157289,5
59,1,0,1,"sos","MC3","S",1,0,1,3.98227487513332,4
59,2,0,2,"sos","MC3","S",4,0,2,1.02380709169251,1
59,3,0,3,"sos","MC3","S",9,0,3,0.894504554546521,1
59,4,0,4,"sos","MC3","S",16,0,4,2.6674480300676,3
59,0,1,5,"sos","MC3","S",0,0,0,4.32058290944926,5
59,1,1,6,"sos","MC3","S",1,1,0,4.35619924893521,5
59,2,1,7,"sos","MC3","S",4,1,1,2.13701645527982,3
59,3,1,8,"sos","MC3","S",9,1,2,4.53939625191721,5
59,4,1,9,"sos","MC3","S",16,1,3,1.89881474305704,2
59,0,2,10,"sos","MC3","S",0,0,0,3.87733446655953,4
59,1,2,11,"sos","MC3","S",1,1,0,5.15231245070117,5
59,2,2,12,"sos","MC3","S",4,2,0,5.62360052146922,5
59,3,2,13,"sos","MC3","S",9,2,1,4.59492541699017,5
59,4,2,14,"sos","MC3","S",16,2,2,1.5610194143274,2
60,0,0,0,"sos","MC2","H",0,0,0,2.82462332717522,3
60,1,0,1,"sos","MC2","H",1,0,1,1.55911586457765,2
60,2,0,2,"sos","MC2","H",4,0,2,1.29632932499998,2
60,3,0,3,"sos","MC2","H",9,0,3,1.16829796654603,2
60,4,0,4,"sos","MC2","H",16,0,4,0.0674381298195695,1
60,0,1,5,"sos","MC2","H",0,0,0,2.92360575021907,4
60,1,1,6,"sos","MC2","H",1,1,0,2.2914557724833,3
60,2,1,7,"sos","MC2","H",4,1,1,2.04618054987688,3
60,3,1,8,"sos","MC2","H",9,1,2,1.19292427016762,2
60,4,1,9,"sos","MC2","H",16,1,3,2.47441600152711,3
60,0,2,10,"sos","MC2","H",0,0,0,2.6019088669102,3
60,1,2,11,"sos","MC2","H",1,1,0,2.19115378219005,3
60,2,2,12,"sos","MC2","H",4,2,0,3.6648111680144,4
60,3,2,13,"sos","MC2","H",9,2,1,5.34122990020612,5
60,4,2,14,"sos","MC2","H",16,2,2,1.53298891820003,2
